{
 "templeR0013": [
  [
   0.9999999980543895,
   -6.182408937158038e-05,
   -8.306796934411967e-06,
   1.0917389653741224e-06
  ],
  [
   6.182388416461302e-05,
   0.9999999977838219,
   -2.470148717103977e-05,
   -1.989869223010219e-06
  ],
  [
   8.30832406296386e-06,
   2.4700973564525225e-05,
   0.9999999996604169,
   -1.1492911747350545e-05
  ]
 ],
 "templeR0042": [
  [
   -0.9998470379537197,
   -0.009192063634974858,
   0.014879739960888344,
   0.01859153661239835
  ],
  [
   0.010130383393150411,
   -0.9978814593929387,
   0.06426482966698498,
   -0.9990698770106704
  ],
  [
   0.014257490223768942,
   0.06440573705772944,
   0.9978219405317614,
   0.039030463399734136
  ]
 ],
 "templeR0044": [
  [
   -0.9991478394423656,
   -0.04042209785585906,
   0.008345594201979264,
   0.0928615648661165
  ],
  [
   0.04067223467385169,
   -0.9298103170401317,
   0.36578483245258403,
   -4.520637363386622
  ],
  [
   -0.007025970700756741,
   0.3658125590116627,
   0.9306620264118713,
   0.7137085921280014
  ]
 ],
 "templeR0032": [
  [
   -0.9846087680474084,
   0.06666050049628772,
   0.1615609840207379,
   -1.616430785068089
  ],
  [
   0.08058719271498271,
   -0.6471098882600992,
   0.7581256471630019,
   -9.073945833586874
  ],
  [
   0.1550847453958091,
   0.7594769056328089,
   0.6317780872711013,
   4.028341989856267
  ]
 ],
 "templeR0034": [
  [
   -0.9825520348322336,
   0.06378316669002726,
   0.17470891933163954,
   -1.769353501415209
  ],
  [
   0.11242098044397827,
   -0.5446535873545293,
   0.8310920484145284,
   -9.963193883812727
  ],
  [
   0.14816552231559063,
   0.836232131306155,
   0.5279799243987545,
   5.167143349453689
  ]
 ],
 "templeR0036": [
  [
   -0.9840922105868329,
   0.018272191386277573,
   0.17671629263954047,
   -1.8161414076447278
  ],
  [
   0.1583735355818306,
   -0.36048983345725605,
   0.9192197252024515,
   -11.006197975039404
  ],
  [
   0.08050058564775235,
   0.932584155449739,
   0.351861405548358,
   7.369880859027904
  ]
 ],
 "templeR0038": [
  [
   -0.9809971801970807,
   -0.00579228731214497,
   0.1939355095207424,
   -2.0321670150582305
  ],
  [
   0.19344417544232834,
   -0.10628362795311919,
   0.9753374500225861,
   -11.635250334386178
  ],
  [
   0.014962734803975503,
   0.9943189829409959,
   0.10538442356614819,
   10.27269276374532
  ]
 ],
 "templeR0015": [
  [
   0.9991063465078649,
   -0.04148237898573174,
   -0.008106824371491825,
   0.0878129038575705
  ],
  [
   0.04197582445638013,
   0.9513208758324936,
   0.3053303479290987,
   -3.586848054007459
  ],
  [
   -0.004953637947332402,
   -0.3053977790341335,
   0.952211981668003,
   0.5016801102204602
  ]
 ],
 "templeR0017": [
  [
   0.9965879213555128,
   -0.08010598222654455,
   -0.019888353874033253,
   0.22417242706765128
  ],
  [
   0.07769842677029978,
   0.8292144121817244,
   0.5535037606986402,
   -6.518660278074488
  ],
  [
   -0.027847252749932237,
   -0.5531604561441803,
   0.8326091761881103,
   1.8570665659387353
  ]
 ],
 "templeR0019": [
  [
   0.98808200699899,
   -0.15361376357815668,
   -0.00983661955156457,
   0.12716605895297947
  ],
  [
   0.10792379627579937,
   0.6457922703003497,
   0.7558470730364311,
   -8.919714117015795
  ],
  [
   -0.10975610070637434,
   -0.7479004982346744,
   0.6546743030683715,
   3.8636305915823272
  ]
 ],
 "templeR0021": [
  [
   0.9870198837518565,
   -0.1490198419445385,
   -0.05987349818823454,
   0.7003196143747189
  ],
  [
   0.12336407923567529,
   0.4648215022123771,
   0.8767680850916981,
   -10.39195213767355
  ],
  [
   -0.10282535209181531,
   -0.8727737723991562,
   0.4771717606683576,
   5.9901581188943345
  ]
 ]
}